name;email;phone;birthday
Jean Gustavo;jeangustavoprates@gmail.com;5511977770148;1994-05-26
João Vitor;joao.vitor@linx.com.br;5511953377823;1998-01-01
John Hopkins;john@linx.com.br;5511977770148;1932-03-01
Antônio Cavalcanti Silva;AntonioCavalcantiSilva@jourrapide.com;55917724-4774
Kauan Martins Almeida; KauanMartins.Almeida@jourrapide.com;55917724-5578
Matilde Almeida Barros;MatildeAlmeidaBarros@jourrapide.com;55544524-5578
Kai Araujo Sousa;KaiAraujo.sousa@yahoo.com.br;55544524-5578
Luiz Azevedo Ribeiro;LuizAzevedo.Ribeiro@gmail.com.br;556554524-5578
Matilde Rocha Martins;Matilderocha.Martins@gmail.com.br;556544114-5578
Breno Barbosa Martins;Breno.Barbosa@gmail.com.br;556544454-5578
Sofia Rocha Costa;SofiaRochaCosta@gmail.com.br;556544454-5578
Laura Dias Carvalho;lauradias.Carvalho@gmail.com.br;555544454-5578
Leila Barbosa Castro;leila.barbosa@yahoo.com.br;555544454-5578
Douglas Lima Barbosa;DouglasLima.Barbosa@outlook;555542334-5452
André Oliveira Cardoso;AndréOliveira.Cardoso@Ig.com.br;555542334-5452
name;email;phone;birthday
Jean Gustavo;jeangustavoprates@gmail.com;5511977770148;1994-05-26
João Vitor;joao.vitor@linx.com.br;5511953377823;1998-01-01
John Hopkins;john@linx.com.br;5511977770148;1932-03-01
Lucas Scaciba;creativescaciba@gmail.com;5521966897886;1994-11-10
Helena Brooks;nibh.sit@vitaevelitegestas.com;5511972747045;1994-11-10
Arthur Brennan;Donec.elementum.lorem@parturient.org;5511971289973;1994-12-08
Laura Oneil;malesuada@natoquepenatibuset.ca;5511976496515;1994-11-06
Manuela Casey;ipsum.non@blanditenim.net;5511976704693;1992-03-16
Davi Koch;Cras.convallis.convallis@nibh.net;5511972253719;1989-03-20
Sophia Chavez;Ut.tincidunt@gravida.edu;5511977189181;1992-04-20
Isabella Myers;montes.nascetur.ridiculus@fermentumarcu.org;5511979419011;1992-02-29
Heloisa Sparks;pede.ac@luctuset.ca;5511975021694;1992-10-05
Luiza Ross;ante.blandit@orciluctuset.co.uk;5511974644739;1992-04-19
Matheus Gates;dictum@egetdictumplacerat.com;5511976859892;1992-05-16
Livia Gibbs;et.ipsum@Integeridmagna.edu;5511978059857;1992-09-03
Nicolas Kelly;pede.Cum.sociis@lacusvariuset.net;5511974309201;1994-11-10
Callum Hobbs;enim@quamdignissim.com;5511977049636;1994-07-10
Cecilia Mcneil;mollis.Duis.sit@vehicula.ca;5511974300400;1994-09-06
Felix Garner;non.lorem.vitae@sempereratin.net;5511975832011;1992-01-23
Giovanna Macdonald;facilisis@Nunc.com;5511975605093;1989-06-29
Mariana Hardy;vitae@Nullamvelit.co.uk;5511973194828;1992-03-01
Murilo Cooley;amet.ultricies.sem@eget.net;5511977525876;1994-12-21
Antonella Holden;egestas@morbitristique.com;5511976699909;1989-01-30
Quamar Hayden;In.tincidunt.congue@ultriciesligulaNullam.net;5511972155871;1992-07-14
Emanuelly Guthrie;nunc@ridiculusmus.ca;5511979496549;1992-11-02
Lucca Underwood;molestie.sodales.Mauris@Vivamus.org;5511973789559;1989-06-06
Samuel Fitzpatrick;eu.turpis@nisl.org;5511971151198;1989-03-07
Benjamin Oneal;orci.tincidunt.adipiscing@Classaptent.edu;5511971173943;1992-08-19
Eloá Peterson;Sed.id@sollicitudincommodo.net;5511979746294;1992-10-22
Luiza Pugh;Suspendisse.sagittis.Nullam@Nunclectuspede.edu;5511975997179;1992-03-14
Júlia Moody;odio.auctor.vitae@nibhQuisque.com;5511975831774;1992-12-07
Benicio Rice;cursus.vestibulum@facilisisSuspendissecommodo.com;5511973564346;1989-03-27
Catarina Acevedo;mi.lacinia@necurnasuscipit.ca;5511971389662;1992-11-22
Gabriela Padilla;elementum@Nunc.ca;5511973748337;1992-01-19
Agatha Wilkerson;ac@purus.ca;5511977574890;1989-04-04
Maria Vaughn;lobortis@nonquamPellentesque.com;5511977588039;1992-01-18
Marina Atkinson;Sed.diam.lorem@In.edu;5511973464314;1994-09-12
Clara Mckay;tincidunt@libero.org;5511979565134;1992-04-28
Salvador Manning;et.eros.Proin@senectus.com;5511978155030;1989-01-28
Yasmin Mcbride;condimentum.Donec.at@purusgravidasagittis.net;5511978425008;1994-09-19
Adam Davenport;enim.Suspendisse@auctornunc.org;5511972735066;1994-08-13
Liz Page;ligula.Nullam@non.com;5511973092214;1992-10-30
Garrett Webster;erat.neque@anteiaculis.ca;5511971486627;1992-12-10
Elisa Wolf;adipiscing.lacus@lobortisquis.org;5511976682508;1992-11-03
Sarah Hinton;sollicitudin.orci@condimentumeget.org;5511973687832;1992-11-20
Maite Battle;risus.Duis@nec.co.uk;5511975867455;1992-08-02
Lavinia Washington;diam.eu@luctus.co.uk;5511978008599;1994-09-16
Alicia Alford;egestas@inaliquetlobortis.com;5511978145321;1994-10-25
Rafaela Kinney;Lorem@condimentumeget.net;5511977911702;1994-07-12
Caio Reeves;consectetuer.cursus.et@risus.edu;5511971112879;1992-11-03
Noah Joyner;dignissim.Maecenas.ornare@rutrumjusto.org;5511973868401;1992-12-15
Davi Douglas;facilisis@congueIn.org;5511977402937;1989-05-13
Leonardo Emerson;eros@posuereatvelit.ca;5511975616635;1992-02-28
Bryan Madden;rhoncus@dolornonummy.co.uk;5511973261342;1992-11-25
Daniel Blair;imperdiet@liberoProin.edu;5511975333578;1992-09-28
Enrico Bush;a.scelerisque.sed@atvelitPellentesque.co.uk;5511972192533;1994-12-14
Thomas Raymond;Donec@dignissimMaecenasornare.co.uk;5511971492236;1994-09-09
Eduardo Scott;blandit.Nam.nulla@ullamcorper.com;5511976413433;1989-02-14
Eric Alvarado;Aenean.gravida@nunc.co.uk;5511972328037;1989-04-12
Giuliano Phelps;elit.pretium.et@felis.org;5511972325984;1989-05-26
Antonio Waller;dui.nec@Morbivehicula.com;5511979587480;1994-11-04
Mario Howard;mauris@ultriciesligula.com;5511977478995;1994-10-11
Wallace Knox;at.libero@nequevenenatislacus.net;5511971845735;1994-09-21
Thiago Abbott;sem.egestas.blandit@justositamet.com;5511979777623;1989-06-16
Carlos Valenzuela;magna@Proindolor.edu;5511977611539;1992-12-13
Gael Decker;urna.convallis.erat@nuncest.org;5511977039693;1994-09-01
João Hammond;malesuada.vel.convallis@et.com;5511973375672;1992-02-28
Vinicius Cote;commodo.hendrerit@Morbi.com;5511977578707;1989-03-02
Bento Lewis;nibh.lacinia@sodalesnisi.edu;5511973696100;1992-09-25
Gustavo Tate;eleifend.Cras@eutellusPhasellus.edu;5511977743623;1992-09-20
Isac Ballard;commodo.ipsum@eleifendegestasSed.com;5511977552437;1992-04-19
Henrique Thornton;sodales@nuncsed.com;5511972739249;1989-01-28
Rafael Farmer;nec.ante.Maecenas@magnaLorem.com;5511975023824;1994-07-14